servicio,costo_maximo,peluqueria
Corte de cabello para mujeres,500000,100
Corte de cabello para mujeres,500000,99
Corte de cabello para mujeres,500000,98
Corte de cabello para mujeres,500000,97
Corte de cabello para mujeres,500000,96
Corte de cabello para mujeres,500000,95
Corte de cabello para mujeres,500000,94
Corte de cabello para mujeres,500000,93
Corte de cabello para mujeres,500000,92
Corte de cabello para mujeres,500000,91
Corte de cabello para mujeres,500000,90
Corte de cabello para mujeres,500000,89
Corte de cabello para mujeres,500000,88
Corte de cabello para mujeres,500000,87
Corte de cabello para mujeres,500000,86
Corte de cabello para mujeres,500000,85
Corte de cabello para mujeres,500000,84
Corte de cabello para mujeres,500000,83
Corte de cabello para mujeres,500000,82
Corte de cabello para mujeres,500000,81
Corte de cabello para mujeres,500000,80
Corte de cabello para mujeres,500000,79
Corte de cabello para mujeres,500000,78
Corte de cabello para mujeres,500000,77
Corte de cabello para mujeres,500000,76
Corte de cabello para mujeres,500000,75
Corte de cabello para mujeres,500000,74
Corte de cabello para mujeres,500000,73
Corte de cabello para mujeres,500000,72
Corte de cabello para mujeres,500000,71
Corte de cabello para mujeres,500000,70
Corte de cabello para mujeres,500000,69
Corte de cabello para mujeres,500000,68
Corte de cabello para mujeres,500000,67
Corte de cabello para mujeres,500000,66
Corte de cabello para mujeres,500000,65
Corte de cabello para mujeres,500000,64
Corte de cabello para mujeres,500000,63
Corte de cabello para mujeres,500000,62
Corte de cabello para mujeres,500000,61
Corte de cabello para mujeres,500000,60
Corte de cabello para mujeres,500000,59
Corte de cabello para mujeres,500000,58
Corte de cabello para mujeres,500000,57
Corte de cabello para mujeres,500000,56
Corte de cabello para mujeres,500000,55
Corte de cabello para mujeres,500000,54
Corte de cabello para mujeres,500000,53
Corte de cabello para mujeres,500000,52
Corte de cabello para mujeres,500000,51
Corte de cabello para mujeres,500000,50
Corte de cabello para mujeres,500000,49
Corte de cabello para mujeres,500000,48
Corte de cabello para mujeres,500000,47
Corte de cabello para mujeres,500000,46
Corte de cabello para mujeres,500000,45
Corte de cabello para mujeres,500000,44
Corte de cabello para mujeres,500000,43
Corte de cabello para mujeres,500000,42
Corte de cabello para mujeres,500000,41
Corte de cabello para mujeres,500000,40
Corte de cabello para mujeres,500000,39
Corte de cabello para mujeres,500000,38
Corte de cabello para mujeres,500000,37
Corte de cabello para mujeres,500000,36
Corte de cabello para mujeres,500000,35
Corte de cabello para mujeres,500000,34
Corte de cabello para mujeres,500000,33
Corte de cabello para mujeres,500000,32
Corte de cabello para mujeres,500000,31
Corte de cabello para mujeres,500000,30
Corte de cabello para mujeres,500000,29
Corte de cabello para mujeres,500000,28
Corte de cabello para mujeres,500000,27
Corte de cabello para mujeres,500000,26
Corte de cabello para mujeres,500000,25
Corte de cabello para mujeres,500000,24
Corte de cabello para mujeres,500000,23
Corte de cabello para mujeres,500000,22
Corte de cabello para mujeres,500000,21
Corte de cabello para mujeres,500000,20
Corte de cabello para mujeres,500000,19
Corte de cabello para mujeres,500000,18
Corte de cabello para mujeres,500000,17
Corte de cabello para mujeres,500000,16
Corte de cabello para mujeres,500000,15
Corte de cabello para mujeres,500000,14
Corte de cabello para mujeres,500000,13
Corte de cabello para mujeres,500000,12
Corte de cabello para mujeres,500000,11
Corte de cabello para mujeres,500000,10
Corte de cabello para mujeres,500000,9
Corte de cabello para mujeres,500000,8
Corte de cabello para mujeres,500000,7
Corte de cabello para mujeres,500000,6
Corte de cabello para mujeres,500000,5
Corte de cabello para mujeres,500000,4
Corte de cabello para mujeres,500000,3
Corte de cabello para mujeres,500000,2
Corte de cabello para mujeres,500000,1
